{
  "IcoMoonType": "selection",
  "icons": [
    {
      "icon": {
        "width": 1152,
        "paths": [
          "M224 128h-192c-17.6 0-32 14.4-32 32v704c0 17.6 14.4 32 32 32h192c17.6 0 32-14.4 32-32v-704c0-17.6-14.4-32-32-32zM192 320h-128v-64h128v64z",
          "M544 128h-192c-17.6 0-32 14.4-32 32v704c0 17.6 14.4 32 32 32h192c17.6 0 32-14.4 32-32v-704c0-17.6-14.4-32-32-32zM512 320h-128v-64h128v64z",
          "M765.088 177.48l-171.464 86.394c-15.716 7.918-22.096 27.258-14.178 42.976l287.978 571.548c7.918 15.718 27.258 22.098 42.976 14.178l171.464-86.392c15.716-7.92 22.096-27.26 14.178-42.974l-287.978-571.55c-7.92-15.718-27.26-22.1-42.976-14.18z"
        ],
        "tags": [
          "books",
          "library",
          "archive"
        ],
        "defaultCode": 59680,
        "grid": 16,
        "attrs": []
      },
      "attrs": [],
      "properties": {
        "ligatures": "books, library",
        "name": "books",
        "order": 3,
        "id": 33,
        "prevSize": 32,
        "code": 59680
      },
      "setIdx": 0,
      "setId": 1,
      "iconIdx": 32
    },
    {
      "icon": {
        "paths": [
          "M384 64h-320c-35.2 0-64 28.8-64 64v320c0 35.2 28.796 64 64 64h320c35.2 0 64-28.8 64-64v-320c0-35.2-28.8-64-64-64zM384 320h-320v-64h320v64zM896 64h-320c-35.204 0-64 28.8-64 64v832c0 35.2 28.796 64 64 64h320c35.2 0 64-28.8 64-64v-832c0-35.2-28.8-64-64-64zM896 640h-320v-64h320v64zM896 448h-320v-64h320v64zM384 576h-320c-35.2 0-64 28.8-64 64v320c0 35.2 28.796 64 64 64h320c35.2 0 64-28.8 64-64v-320c0-35.2-28.8-64-64-64zM384 832h-128v128h-64v-128h-128v-64h128v-128h64v128h128v64z"
        ],
        "tags": [
          "calculator",
          "compute",
          "math",
          "arithmetic",
          "sum"
        ],
        "defaultCode": 59712,
        "grid": 16,
        "attrs": []
      },
      "attrs": [],
      "properties": {
        "ligatures": "calculator, compute",
        "name": "calculator",
        "order": 2,
        "id": 65,
        "prevSize": 32,
        "code": 59712
      },
      "setIdx": 0,
      "setId": 1,
      "iconIdx": 64
    },
    {
      "icon": {
        "paths": [
          "M896 256h-192v-128c0-35.2-28.8-64-64-64h-256c-35.2 0-64 28.8-64 64v128h-192c-70.4 0-128 57.6-128 128v512c0 70.4 57.6 128 128 128h768c70.4 0 128-57.6 128-128v-512c0-70.4-57.6-128-128-128zM384 128h256v128h-256v-128zM768 704h-192v192h-128v-192h-192v-128h192v-192h128v192h192v128z"
        ],
        "tags": [
          "aid-kit",
          "health",
          "medicine",
          "medical"
        ],
        "defaultCode": 59800,
        "grid": 16,
        "attrs": []
      },
      "attrs": [],
      "properties": {
        "ligatures": "aid-kit, health",
        "name": "aid-kit",
        "order": 5,
        "id": 153,
        "prevSize": 32,
        "code": 59800
      },
      "setIdx": 0,
      "setId": 1,
      "iconIdx": 152
    }
  ],
  "height": 1024,
  "preferences": {
    "showGlyphs": true,
    "showQuickUse": true,
    "showQuickUse2": true,
    "showSVGs": true,
    "fontPref": {
      "prefix": "icon-",
      "metadata": {
        "fontFamily": "icomoon",
        "majorVersion": 1,
        "minorVersion": 0
      },
      "metrics": {
        "emSize": 1024,
        "baseline": 6.25,
        "whitespace": 50
      },
      "embed": false,
      "showSelector": false,
      "showMetrics": false
    },
    "imagePref": {
      "prefix": "icon-",
      "png": true,
      "useClassSelector": true,
      "color": 0,
      "bgColor": 16777215,
      "classSelector": ".icon",
      "name": "icomoon"
    },
    "historySize": 50,
    "showCodes": true,
    "gridSize": 16
  }
}